CRIM,INDUS,CHAS,RM,AGE,DIS,RAD,TAX,PTRATIO,MEDV,RM_was_missing,CRIM_log,DIS_log,RAD_log,MEDV_log
0.0136105,2.31,0,6.575,65.2,4.09,1,296,15.3,24.0,0,0.006300112548479854,1.6272778305624314,0.6931471805599453,3.2188758248682006
0.02731,7.07,0,6.421,78.9,4.9671,2,242,17.8,21.6,0,0.026943735447546184,1.7862610472398053,1.0986122886681098,3.1179499062782403
0.02729,7.07,0,7.185,61.1,4.9671,2,242,17.8,34.7,0,0.026924266937859983,1.7862610472398053,1.0986122886681098,3.5751506887855933
0.03237,2.18,0,6.998,45.8,6.0622,3,222,18.7,33.4,0,0.031857129935659596,1.9547566176942426,1.3862943611198906,3.5380565643793527
0.06905,2.18,0,7.147,54.2,6.0622,3,222,18.7,36.2,0,0.06677040363385237,1.9547566176942426,1.3862943611198906,3.616308761279101
0.02985,2.18,0,6.43,58.7,6.0622,3,222,18.7,28.7,0,0.029413160568349615,1.9547566176942426,1.3862943611198906,3.391147045808654
0.08829,7.87,0,6.012,66.6,5.5605,5,311,15.2,22.9,0,0.08460765703482563,1.8810668195636333,1.791759469228055,3.173878458937465
0.14455,7.87,0,6.172,96.1,5.9505,5,311,15.2,27.1,0,0.13501154665587695,1.9388135994350102,1.791759469228055,3.3357695763397
0.21124,7.87,0,5.631,100.0,6.0821,5,311,15.2,16.5,0,0.19164462825480602,1.95757047389502,1.791759469228055,2.8622008809294686
0.17004,7.87,0,6.004,85.9,6.5921,5,311,15.2,18.9,0,0.15703793625945525,2.027108232980627,1.791759469228055,2.990719731730447
0.22489,7.87,0,6.377,94.3,6.3467,5,311,15.2,15.0,0,0.20285104404642812,1.9942512328113926,1.791759469228055,2.772588722239781
0.11747,7.87,0,6.009,82.9,6.2267,5,311,15.2,18.9,0,0.11106720150765238,1.9777825004388234,1.791759469228055,2.990719731730447
0.09378,7.87,0,5.889,39.0,5.4509,5,311,15.2,21.7,0,0.08963958688495932,1.8642196559573156,1.791759469228055,3.122364924487357
0.62976,8.14,0,5.949,61.8,4.7075,4,307,21.0,20.4,0,0.48843276471410274,1.7417810994218135,1.6094379124341003,3.0633909220278057
0.63796,8.14,0,6.096,84.5,4.4619,4,307,21.0,18.2,0,0.493451565108284,1.6977967145719404,1.6094379124341003,2.954910279033736
0.62739,8.14,0,5.834,56.5,4.4986,4,307,21.0,19.9,0,0.4869775044907406,1.7044935143816868,1.6094379124341003,3.039749158970765
1.05393,8.14,0,5.935,29.3,4.4986,4,307,21.0,23.1,0,0.719755031081429,1.7044935143816868,1.6094379124341003,3.1822118404966093
0.7842,8.14,0,5.99,81.7,4.2579,4,307,21.0,17.5,0,0.5789701354975461,1.6597317074885674,1.6094379124341003,2.917770732084279
0.80271,8.14,0,5.456,36.6,3.7965,4,307,21.0,20.2,0,0.5892910882451726,1.5678864852758652,1.6094379124341003,3.054001181677967
0.7258,8.14,0,5.727,69.5,3.7965,4,307,21.0,18.2,0,0.5456907110920701,1.5678864852758652,1.6094379124341003,2.954910279033736
1.25179,8.14,0,5.57,98.1,3.7979,4,307,21.0,13.6,0,0.8117254554853013,1.5681783221827976,1.6094379124341003,2.681021528714291
0.85204,8.14,0,5.965,89.2,4.0123,4,307,21.0,19.6,0,0.6162877342628865,1.6118948915872748,1.6094379124341003,3.0252910757955354
1.23247,8.14,0,6.142,91.7,3.9769,4,307,21.0,15.2,0,0.8031085958282843,1.604807207249406,1.6094379124341003,2.785011242238338
0.98843,8.14,0,5.813,100.0,4.0952,4,307,21.0,14.5,0,0.6873453826321089,1.628298920075019,1.6094379124341003,2.740840023925201
0.75026,8.14,0,5.924,94.1,4.3996,4,307,21.0,15.6,0,0.5597643483283525,1.686324876752535,1.6094379124341003,2.8094026953624978
0.84054,8.14,0,5.599,85.7,4.4546,4,307,21.0,13.9,0,0.6100590068254429,1.6964592893737305,1.6094379124341003,2.7013612129514133
0.67191,8.14,0,5.813,90.3,4.682,4,307,21.0,16.6,0,0.5139666854625483,1.7373032834319964,1.6094379124341003,2.8678989020441064
0.95577,8.14,0,6.047,88.8,4.4534,4,307,21.0,14.8,0,0.6707839777866772,1.6962392673706428,1.6094379124341003,2.760009940032921
0.77299,8.14,0,6.495,94.4,4.4547,4,307,21.0,18.4,0,0.5726673869182406,1.6964776223556821,1.6094379124341003,2.9652730660692823
1.00245,8.14,0,6.674,87.3,4.239,4,307,21.0,21.0,0,0.6943714308596382,1.6561306404260827,1.6094379124341003,3.091042453358316
1.13081,8.14,0,5.713,94.1,4.233,4,307,21.0,12.7,0,0.7565021891227188,1.6549847273900706,1.6094379124341003,2.617395832834079
1.35472,8.14,0,6.072,100.0,4.175,4,307,21.0,14.5,0,0.8564218244336657,1.6438393391514328,1.6094379124341003,2.740840023925201
1.38799,8.14,0,5.95,82.0,3.99,4,307,21.0,13.2,0,0.8704520079168975,1.6074359097634274,1.6094379124341003,2.653241964607215
1.15172,8.14,0,5.701,95.0,3.7872,4,307,21.0,13.1,0,0.7662675223101358,1.5659456893579664,1.6094379124341003,2.6461747973841225
1.61282,8.14,0,6.096,96.9,3.7598,4,307,21.0,13.5,0,0.9604300978281596,1.5602056505538753,1.6094379124341003,2.6741486494265287
0.06417,5.96,0,5.933,68.2,3.3603,5,279,19.2,18.9,0,0.06219515259296706,1.4725408623332763,1.791759469228055,2.990719731730447
0.09744,5.96,0,5.841,61.4,3.3779,5,279,19.2,20.0,0,0.0929801947688742,1.4765691573596729,1.791759469228055,3.044522437723423
0.08014,5.96,0,5.85,41.5,3.9342,5,279,19.2,21.0,0,0.07709066236456355,1.596190552348471,1.791759469228055,3.091042453358316
0.17505,5.96,0,5.966,30.2,3.8473,5,279,19.2,24.7,0,0.1613106998822503,1.578421848902911,1.791759469228055,3.246490991901174
0.02763,2.95,0,6.595,21.8,5.4011,3,252,18.3,30.8,0,0.02725518006645146,1.8564698505968105,1.3862943611198906,3.459466289786131
0.03359,2.95,0,7.024,15.8,5.4011,3,252,18.3,34.9,0,0.03303817907679737,1.8564698505968105,1.3862943611198906,3.580737295494233
0.12744,6.91,0,6.77,2.9,5.7209,3,233,17.9,26.6,0,0.11994957590111856,1.9052220741388564,1.3862943611198906,3.3178157727231046
0.1415,6.91,0,6.169,6.6,5.7209,3,233,17.9,25.3,0,0.13234318698771316,1.9052220741388564,1.3862943611198906,3.269568939183719
0.15936,6.91,0,6.211,6.5,5.7209,3,233,17.9,24.7,0,0.14786812872457536,1.9052220741388564,1.3862943611198906,3.246490991901174
0.12269,6.91,0,6.069,40.0,5.7209,3,233,17.9,21.2,0,0.11572759134397043,1.9052220741388564,1.3862943611198906,3.100092288878234
0.17142,6.91,0,5.682,33.8,5.1004,3,233,17.9,19.3,0,0.15821668811495349,1.8083543427998916,1.3862943611198906,3.0106208860477417
0.18836,6.91,0,5.786,33.3,5.1004,3,233,17.9,20.0,0,0.17257420533907458,1.8083543427998916,1.3862943611198906,3.044522437723423
0.22927,6.91,0,6.03,85.5,5.6894,3,233,17.9,16.6,0,0.20642049726093953,1.9005241840194438,1.3862943611198906,2.8678989020441064
0.25387,6.91,0,5.399,95.3,5.87,3,233,17.9,14.4,0,0.2262347685752403,1.927164106234258,1.3862943611198906,2.7343675094195836
0.21977,6.91,0,5.602,62.0,6.0877,3,233,17.9,19.4,0,0.1986623163820069,1.958360887350616,1.3862943611198906,3.0155349008501706
0.08873,5.64,0,5.963,45.7,6.8147,4,243,16.8,19.7,0,0.0850118793258392,2.0560065754206818,1.6094379124341003,3.0301337002713233
0.04337,5.64,0,6.115,63.0,6.8147,4,243,16.8,20.5,0,0.04245585903639239,2.0560065754206818,1.6094379124341003,3.068052935133617
0.0536,5.64,0,6.511,21.1,6.8147,4,243,16.8,25.0,0,0.05221287144693424,2.0560065754206818,1.6094379124341003,3.258096538021482
0.04981,5.64,0,5.998,21.4,6.8147,4,243,16.8,23.4,0,0.04860919541462225,2.0560065754206818,1.6094379124341003,3.1945831322991562
0.0136105,4.0,0,5.888,47.6,7.3197,3,469,21.1,18.9,0,0.013508350024792243,2.1186261964907156,1.3862943611198906,2.990719731730447
0.0136105,1.22,0,7.249,21.9,8.6966,5,226,17.9,35.4,0,0.013024807722689456,2.2717753086005157,1.791759469228055,3.594568774642695
0.02055,0.74,0,6.383,35.7,9.1876,2,313,17.3,24.7,0,0.02034169765791456,2.321171294469725,1.0986122886681098,3.246490991901174
0.01432,1.32,0,6.816,40.5,8.3248,5,256,15.1,31.6,0,0.0142184372375555,2.232677517578694,1.791759469228055,3.484312288372662
0.15445,5.13,0,6.145,29.2,7.8148,8,284,19.7,23.3,0,0.1436240400828755,2.1764321269934643,2.1972245773362196,3.190476350346503
0.10328,5.13,0,5.927,47.2,6.932,8,284,19.7,19.6,0,0.09828756118394519,2.0709052106575494,2.1972245773362196,3.0252910757955354
0.14932,5.13,0,5.741,66.2,7.2254,8,284,19.7,18.7,0,0.13917046313797143,2.1072269276877726,2.1972245773362196,2.9806186357439426
0.17171,5.13,0,5.966,93.4,6.8185,8,284,19.7,16.0,0,0.15846422026338805,2.056492720301428,2.1972245773362196,2.833213344056216
0.11027,5.13,0,6.456,67.8,7.2255,8,284,19.7,22.2,0,0.1046032289886448,2.107239085077338,2.1972245773362196,3.1441522786722644
0.1265,5.13,0,6.762,43.4,7.9809,8,284,19.7,25.0,0,0.11911548089016206,2.1951001000092965,2.1972245773362196,3.258096538021482
0.01951,1.38,0,7.104,59.5,9.2229,3,216,18.6,33.0,0,0.019322119714037037,2.324630301862611,1.3862943611198906,3.5263605246161616
0.03584,3.37,0,6.29,17.8,6.6115,4,337,16.1,23.5,0,0.03521269175574247,2.0296602615171717,1.6094379124341003,3.1986731175506815
0.04379,3.37,0,5.787,31.1,6.6115,4,337,16.1,19.4,0,0.042858319801900656,2.0296602615171717,1.6094379124341003,3.0155349008501706
0.05789,6.07,0,5.878,21.4,6.498,4,345,18.9,22.0,0,0.05627635827662477,2.01463631831372,1.6094379124341003,3.1354942159291497
0.13554,6.07,0,5.594,36.8,6.498,4,345,18.9,17.4,0,0.1271083087153749,2.01463631831372,1.6094379124341003,2.91235066461494
0.12816,6.07,0,5.885,33.0,6.498,4,345,18.9,20.9,0,0.1205879869885934,2.01463631831372,1.6094379124341003,3.086486636822455
0.08826,10.81,0,6.417,6.6,5.2873,4,305,19.2,24.2,0,0.08458009047306331,1.8385317257748068,1.6094379124341003,3.2268439945173775
0.15876,10.81,0,5.961,17.5,5.2873,4,305,19.2,21.7,0,0.14735046784990224,1.8385317257748068,1.6094379124341003,3.122364924487357
0.09164,10.81,0,6.208,7.8,5.2873,4,305,19.2,22.8,1,0.08768115263983375,1.8385317257748068,1.6094379124341003,3.169685580677429
0.19539,10.81,0,6.245,6.2,5.2873,4,305,19.2,23.4,0,0.17847249197232393,1.8385317257748068,1.6094379124341003,3.1945831322991562
0.07896,12.83,0,6.273,6.0,4.2515,5,398,18.7,24.1,0,0.07599761422646512,1.658513750080693,1.791759469228055,3.2228678461377385
0.09512,12.83,0,6.286,45.0,4.5026,5,398,18.7,21.4,0,0.09086394630511975,1.7052207078108166,1.791759469228055,3.109060958860994
0.10153,12.83,0,6.279,74.5,4.0522,5,398,18.7,20.0,0,0.09670012247721363,1.619823791986518,1.791759469228055,3.044522437723423
0.08707,12.83,0,6.14,45.8,4.0905,5,398,18.7,20.8,0,0.08348600348975033,1.6273760575651133,1.791759469228055,3.0819099697950434
0.05646,12.83,0,6.232,53.7,5.0141,5,398,18.7,21.2,0,0.054923696495899246,1.7941067122964032,1.791759469228055,3.100092288878234
0.08387,12.83,0,5.874,36.6,4.5026,5,398,18.7,20.3,0,0.08053796962647085,1.7052207078108166,1.791759469228055,3.0587070727153796
0.04113,4.86,0,6.727,33.5,5.4007,4,281,19.0,28.0,0,0.04030666175913415,1.8564073593846169,1.6094379124341003,3.367295829986474
0.04462,4.86,0,6.619,70.4,5.4007,4,281,19.0,23.9,0,0.043653182921403064,1.8564073593846169,1.6094379124341003,3.214867803470662
0.03659,4.86,0,6.302,32.2,5.4007,4,281,19.0,24.8,0,0.03593647980430559,1.8564073593846169,1.6094379124341003,3.250374491927572
0.03551,4.86,0,6.167,46.7,5.4007,4,281,19.0,22.9,0,0.03489405897732069,1.8564073593846169,1.6094379124341003,3.173878458937465
0.05059,4.49,0,6.389,48.0,4.7794,3,247,18.5,23.9,0,0.04935191112196916,1.754299871067673,1.3862943611198906,3.214867803470662
0.05735,4.49,0,6.63,56.1,4.4377,3,247,18.5,26.6,0,0.055765777905857246,1.6933561773475712,1.3862943611198906,3.3178157727231046
0.05188,4.49,0,6.015,45.1,4.4272,3,247,18.5,22.5,0,0.050579039368154076,1.6914233471753921,1.3862943611198906,3.1570004211501135
0.07151,4.49,0,6.121,56.8,3.7476,3,247,18.5,22.2,0,0.06906886859909778,1.557639227200213,1.3862943611198906,3.1441522786722644
0.0566,3.41,0,7.007,86.3,3.4217,2,270,17.8,23.6,0,0.0550562057480784,1.4865242375286847,1.0986122886681098,3.202746442938317
0.05302,3.41,0,7.079,63.1,3.4145,2,270,17.8,28.7,0,0.051662226323793706,1.4848945773595001,1.0986122886681098,3.391147045808654
0.04684,3.41,0,6.417,66.1,3.0923,2,270,17.8,22.6,0,0.0457761026365836,1.4091071591850473,1.0986122886681098,3.1612467120315646
0.03932,3.41,0,6.405,73.9,3.0921,2,270,17.8,22.0,0,0.038566653148816674,1.4090582857184426,1.0986122886681098,3.1354942159291497
0.04203,15.04,0,6.442,53.6,3.6659,4,270,18.2,22.9,0,0.0411707337036766,1.5402807417364872,1.6094379124341003,3.173878458937465
0.02875,15.04,0,6.211,28.9,3.6659,4,270,18.2,25.0,0,0.028344473009142515,1.5402807417364872,1.6094379124341003,3.258096538021482
0.04294,15.04,0,6.249,77.3,3.615,4,270,18.2,20.6,0,0.04204364799767933,1.5293118679548154,1.6094379124341003,3.0726933146901194
0.12204,2.89,0,6.625,57.8,3.4952,2,276,18.0,28.4,0,0.11514845708892209,1.5030101608158515,1.0986122886681098,3.380994674344636
0.11504,2.89,0,6.163,69.6,3.4952,2,276,18.0,21.4,0,0.10889027870807165,1.5030101608158515,1.0986122886681098,3.109060958860994
0.12083,2.89,0,8.069,76.0,3.4952,2,276,18.0,38.7,0,0.11406948227773037,1.5030101608158515,1.0986122886681098,3.681351187693145
0.08187,2.89,0,7.82,36.9,3.4952,2,276,18.0,43.8,0,0.0786910253316489,1.5030101608158515,1.0986122886681098,3.8022081394209395
0.0686,2.89,0,7.416,62.5,3.4952,2,276,18.0,33.2,0,0.06634938054153391,1.5030101608158515,1.0986122886681098,3.5322256440685598
0.14866,8.56,0,6.727,79.9,2.7778,5,384,20.9,27.5,0,0.13859604559025773,1.3291418296155821,1.791759469228055,3.349904087274605
0.11432,8.56,0,6.781,71.3,2.8561,5,384,20.9,26.5,0,0.10824435339763891,1.3496563100219874,1.791759469228055,3.3141860046725258
0.22876,8.56,0,6.405,85.4,2.7147,5,384,20.9,18.6,0,0.20600553079810677,1.3122979212077555,1.791759469228055,2.975529566236472
0.21161,8.56,0,6.137,87.4,2.7147,5,384,20.9,19.3,0,0.19195005368591092,1.3122979212077555,1.791759469228055,3.0106208860477417
0.1396,8.56,0,6.167,90.0,2.421,5,384,20.9,20.1,0,0.1306773236416162,1.2299329059954676,1.791759469228055,3.0492730404820207
0.13262,8.56,0,5.851,96.7,2.1069,5,384,20.9,19.5,0,0.12453353302656035,1.1336254445051157,1.791759469228055,3.0204248861443626
0.1712,8.56,0,5.836,91.9,2.211,5,384,20.9,19.5,0,0.15802886422491005,1.166582415107377,1.791759469228055,3.0204248861443626
0.13117,8.56,0,6.127,85.2,2.1224,5,384,20.9,20.4,0,0.12325249529930257,1.1386019368842681,1.791759469228055,3.0633909220278057
0.12802,8.56,0,6.474,97.1,2.4329,5,384,20.9,19.8,0,0.12046388341513765,1.2334053850096418,1.791759469228055,3.0349529867072724
0.26363,8.56,0,6.229,91.2,2.5451,5,384,20.9,19.4,0,0.23398853135437192,1.2655663683309426,1.791759469228055,3.0155349008501706
0.10793,8.56,0,6.195,54.4,2.7778,5,384,20.9,21.7,0,0.1024934094340411,1.3291418296155821,1.791759469228055,3.122364924487357
0.10084,10.01,0,6.715,81.6,2.6775,6,432,17.8,22.8,0,0.09607352474606409,1.3022331734934556,1.9459101490553132,3.169685580677429
0.12329,10.01,0,5.913,92.9,2.3534,6,432,17.8,18.8,0,0.11626187928444467,1.2099747565215704,1.9459101490553132,2.9856819377004897
0.22212,10.01,0,6.092,95.4,2.548,6,432,17.8,18.7,0,0.20058705560079915,1.266384064447333,1.9459101490553132,2.9806186357439426
0.14231,10.01,0,6.254,84.2,2.2565,6,432,17.8,18.5,0,0.13305252798715148,1.180652999004319,1.9459101490553132,2.970414465569701
0.17134,10.01,0,5.928,88.2,2.4631,6,432,17.8,18.3,0,0.15814839260023486,1.242164141699867,1.9459101490553132,2.9601050959108397
0.13158,10.01,0,6.176,72.5,2.7301,6,432,17.8,21.2,0,0.12361488619930212,1.3164350429478264,1.9459101490553132,3.100092288878234
0.15098,10.01,0,6.021,82.6,2.7474,6,432,17.8,19.2,0,0.1406137533941644,1.321062266182275,1.9459101490553132,3.005682604407159
0.13058,10.01,0,5.872,73.1,2.4775,6,432,17.8,20.4,0,0.12273077538031703,1.246313644815461,1.9459101490553132,3.0633909220278057
0.14476,10.01,0,5.731,65.2,2.7592,6,432,17.8,19.3,0,0.13519500804868875,1.3242061688064688,1.9459101490553132,3.0106208860477417
0.06899,25.65,0,5.87,69.7,2.2577,2,188,19.1,22.0,0,0.06671427746220379,1.1810214249088273,1.0986122886681098,3.1354942159291497
0.07165,25.65,0,6.004,84.1,2.1974,2,188,19.1,20.3,0,0.06919951680100443,1.1623379795486546,1.0986122886681098,3.0587070727153796
0.09299,25.65,0,5.961,92.9,2.0869,2,188,19.1,20.5,0,0.08891706002171539,1.1271673510853832,1.0986122886681098,3.068052935133617
0.15038,25.65,0,5.856,97.0,1.9444,2,188,19.1,17.3,0,0.14009232257621806,1.0799050612024137,1.0986122886681098,2.9069010598473755
0.09849,25.65,0,5.879,95.8,2.0063,2,188,19.1,18.8,0,0.09393650947837956,1.1007100867502557,1.0986122886681098,2.9856819377004897
0.16902,25.65,0,5.986,88.4,1.9929,2,188,19.1,21.4,0,0.15616579098344338,1.096242817019375,1.0986122886681098,3.109060958860994
0.38735,25.65,0,5.613,95.6,1.7572,2,188,19.1,15.7,0,0.3273954526862417,1.0142156720293598,1.0986122886681098,2.8154087194227095
0.25915,21.89,0,5.693,96.0,1.7883,4,437,21.2,16.2,0,0.23043689014167512,1.025432091126597,1.6094379124341003,2.8449093838194073
0.32543,21.89,0,6.431,98.8,1.8125,4,437,21.2,18.0,0,0.2817369350921532,1.0340737675305385,1.6094379124341003,2.9444389791664403
0.88125,21.89,0,5.637,94.7,1.9799,4,437,21.2,14.3,0,0.6319364495150488,1.091889742907283,1.6094379124341003,2.72785282839839
0.34006,21.89,0,6.458,98.9,2.1185,4,437,21.2,19.2,0,0.29271438907980246,1.1373521169840404,1.6094379124341003,3.005682604407159
1.19294,21.89,0,6.326,97.7,2.271,4,437,21.2,19.6,0,0.7852431092803437,1.1850957485562468,1.6094379124341003,3.0252910757955354
0.59005,21.89,0,6.372,97.9,2.3274,4,437,21.2,23.0,0,0.46376546227858856,1.2021912182435053,1.6094379124341003,3.1780538303479458
0.32982,21.89,0,5.822,95.4,2.4699,4,437,21.2,18.4,0,0.2850435947287374,1.2441257750997043,1.6094379124341003,2.9652730660692823
0.97617,21.89,0,5.757,98.4,2.346,4,437,21.2,15.6,0,0.6811606280137663,1.2077656025646322,1.6094379124341003,2.8094026953624978
0.55778,21.89,0,6.335,98.2,2.1107,4,437,21.2,18.1,0,0.44326173080273074,1.1348477812502051,1.6094379124341003,2.9496883350525844
0.32264,21.89,0,5.942,93.5,1.9669,4,437,21.2,17.4,0,0.2796297392609525,1.0875176366624961,1.6094379124341003,2.91235066461494
0.35233,21.89,0,6.454,98.4,1.8498,4,437,21.2,17.1,0,0.3018290306776389,1.0472488163795515,1.6094379124341003,2.89591193827178
0.2498,21.89,0,5.857,98.2,1.6686,4,437,21.2,13.3,0,0.22298353851284425,0.9815539903261833,1.6094379124341003,2.6602595372658615
0.54452,21.89,0,6.151,97.9,1.6687,4,437,21.2,17.8,0,0.43471318246714963,0.9815914624562909,1.6094379124341003,2.9338568698359038
0.2909,21.89,0,6.174,93.6,1.6119,4,437,21.2,14.0,0,0.2553396495305266,0.9600779258420978,1.6094379124341003,2.70805020110221
1.62864,21.89,0,5.019,100.0,1.4394,4,437,21.2,14.4,0,0.9664666021758896,0.8917521074270008,1.6094379124341003,2.7343675094195836
3.32105,19.58,1,5.403,100.0,1.3216,5,403,14.7,13.4,0,1.4634984282783583,0.8422566031477864,1.791759469228055,2.667228206581955
4.0974,19.58,0,5.468,100.0,1.4118,5,403,14.7,15.6,0,1.6287306058145095,0.8803733566873551,1.791759469228055,2.8094026953624978
2.77974,19.58,0,4.903,97.8,1.3459,5,403,14.7,11.8,0,1.3296552241970494,0.8526691235768302,1.791759469228055,2.5494451709255714
2.37934,19.58,0,6.13,100.0,1.4191,5,403,14.7,13.8,0,1.2176804241557975,0.8833955701698857,1.791759469228055,2.6946271807700692
2.15505,19.58,0,5.628,100.0,1.5166,5,403,14.7,15.6,0,1.1490043437281394,0.9229087841757304,1.791759469228055,2.8094026953624978
2.36862,19.58,0,4.926,95.7,1.4608,5,403,14.7,14.6,0,1.2145031649491107,0.9004865003291879,1.791759469228055,2.747270914255491
2.33099,19.58,0,5.186,93.8,1.5296,5,403,14.7,17.8,0,1.2032695571055652,0.9280611874730705,1.791759469228055,2.9338568698359038
2.73397,19.58,0,5.597,94.9,1.5257,5,403,14.7,15.4,0,1.317472010807663,0.9265182520295909,1.791759469228055,2.797281334830153
1.6566,19.58,0,6.122,97.3,1.618,5,403,14.7,21.5,0,0.977047109716266,0.9624106674877082,1.791759469228055,3.1135153092103742
1.49632,19.58,0,5.404,100.0,1.5916,5,403,14.7,19.6,0,0.9148176474178114,0.9522754455936652,1.791759469228055,3.0252910757955354
1.12658,19.58,1,5.012,88.0,1.6102,5,403,14.7,15.3,0,0.754515055507092,0.9594268467512903,1.791759469228055,2.791165107812717
2.14918,19.58,0,5.709,98.5,1.6232,5,403,14.7,19.4,0,1.1471421014887528,0.9643949465483015,1.791759469228055,3.0155349008501706
1.41385,19.58,1,6.129,96.0,1.7494,5,403,14.7,17.0,0,0.8812229832136547,1.0113827060551825,1.791759469228055,2.8903717578961645
3.53501,19.58,1,6.152,82.6,1.7455,5,403,14.7,15.6,0,1.5118272886363335,1.0099632077367902,1.791759469228055,2.8094026953624978
2.44668,19.58,0,5.272,94.0,1.7364,5,403,14.7,13.1,0,1.2374114488766446,1.0066431879047057,1.791759469228055,2.6461747973841225
1.22358,19.58,0,6.943,97.4,1.8773,5,403,14.7,41.3,0,0.7991185096332698,1.056852354419878,1.791759469228055,3.744787086052232
1.34284,19.58,0,6.066,100.0,1.7573,5,403,14.7,24.3,0,0.8513638686748988,1.0142519400500365,1.791759469228055,3.2308043957334744
1.42502,19.58,0,6.51,100.0,1.7659,5,403,14.7,23.3,0,0.8858397717781171,1.0173660792990713,1.791759469228055,3.190476350346503
1.27346,19.58,1,6.25,92.6,1.7984,5,403,14.7,27.0,0,0.8213029001101178,1.0290478252822006,1.791759469228055,3.332204510175204
1.46336,19.58,0,7.489,90.8,1.9709,5,403,14.7,50.0,0,0.9015262716731895,1.0888649372132297,1.791759469228055,3.9318256327243257
1.83377,19.58,1,7.802,98.2,2.0407,5,403,14.7,50.0,0,1.0416079806003153,1.1120877520695331,1.791759469228055,3.9318256327243257
1.51902,19.58,1,8.375,93.9,2.162,5,403,14.7,50.0,0,0.9238699369975489,1.1512047387872804,1.791759469228055,3.9318256327243257
2.24236,19.58,0,5.854,91.8,2.422,5,403,14.7,22.7,0,1.176301459715032,1.2302251754700018,1.791759469228055,3.1654750481410856
2.924,19.58,0,6.101,93.0,2.2834,5,403,14.7,25.0,0,1.3671115417031166,1.1888794708782808,1.791759469228055,3.258096538021482
2.01019,19.58,0,7.929,96.2,2.0459,5,403,14.7,50.0,0,1.1020031996922046,1.1137964239931497,1.791759469228055,3.9318256327243257
1.80028,19.58,0,5.877,79.2,2.4259,5,403,14.7,23.8,0,1.0297194121814914,1.2313642109178486,1.791759469228055,3.2108436531709366
2.3004,19.58,0,6.319,96.1,2.1,5,403,14.7,23.8,0,1.194043673248051,1.1314021114911006,1.791759469228055,3.2108436531709366
2.44953,19.58,0,6.402,95.2,2.2625,5,403,14.7,22.3,0,1.2382379898788045,1.1824937726488118,1.791759469228055,3.1484533605716547
1.20742,19.58,0,5.875,94.6,2.4259,5,403,14.7,17.4,0,0.7918244127486899,1.2313642109178486,1.791759469228055,2.91235066461494
2.3139,19.58,0,5.88,97.3,2.3887,5,403,14.7,19.1,0,1.1981257435340087,1.220446367018825,1.791759469228055,3.0007198150650303
0.13914,4.05,0,5.572,88.5,2.5961,5,296,16.6,23.1,0,0.13027359174921221,1.2798499248990267,1.791759469228055,3.1822118404966093
0.09178,4.05,0,6.208,84.1,2.6463,5,296,16.6,23.6,1,0.08780939182440828,1.293712954824322,1.791759469228055,3.202746442938317
0.08447,4.05,0,5.859,68.7,2.7019,5,296,16.6,22.6,0,0.08109138838488845,1.3088462013607478,1.791759469228055,3.1612467120315646
0.06664,4.05,0,6.546,33.1,3.1323,5,296,16.6,29.4,0,0.06451352082506596,1.4188341526876722,1.791759469228055,3.414442608412176
0.07022,4.05,0,6.02,47.2,3.5549,5,296,16.6,23.2,0,0.06786423481612996,1.5162035765741146,1.791759469228055,3.186352633162641
0.05425,4.05,0,6.315,73.4,3.3175,5,296,16.6,24.6,0,0.05282961364453219,1.4626765310386967,1.791759469228055,3.242592351485517
0.06642,4.05,0,6.86,74.4,2.9153,5,296,16.6,29.9,0,0.06430724439516707,1.3648919548594545,1.791759469228055,3.4307561839036995
0.0578,2.46,0,6.98,58.4,2.829,3,193,17.8,37.2,0,0.05619127964974249,1.3426036724951576,1.3862943611198906,3.6428355156125294
0.06588,2.46,0,7.765,83.3,2.741,3,193,17.8,39.8,0,0.06380074905066188,1.319352955366009,1.3862943611198906,3.708682081410116
0.06888,2.46,0,6.144,62.2,2.5979,3,193,17.8,36.2,0,0.06661137129850153,1.280350341923648,1.3862943611198906,3.616308761279101
0.09103,2.46,0,7.155,92.2,2.7006,3,193,17.8,37.9,0,0.087122204181403,1.3084949686654788,1.3862943611198906,3.6609942506244004
0.10008,2.46,0,6.563,95.6,2.847,3,193,17.8,32.5,0,0.09538290443255226,1.347293623770158,1.3862943611198906,3.5115454388310208
0.08308,2.46,0,5.604,89.8,2.9879,3,193,17.8,26.4,0,0.07980883417341514,1.383264776559526,1.3862943611198906,3.3105430133940246
0.06047,2.46,0,6.153,68.8,3.2797,3,193,17.8,29.6,0,0.058712206079331676,1.4538829136791003,1.3862943611198906,3.4210000089583352
0.05602,2.46,0,7.831,53.6,3.1992,3,193,17.8,50.0,0,0.05450712449866107,1.4348940309559528,1.3862943611198906,3.9318256327243257
0.07875,3.44,0,6.782,41.1,3.7886,5,398,15.2,32.0,0,0.07580296341550066,1.5662380931278812,1.791759469228055,3.4965075614664802
0.12579,3.44,0,6.556,29.1,4.5667,5,398,15.2,29.8,0,0.11848501143594592,1.7168024187606237,1.791759469228055,3.427514689979529
0.0837,3.44,0,7.185,38.9,4.5667,5,398,15.2,34.9,0,0.08038111194681245,1.7168024187606237,1.791759469228055,3.580737295494233
0.09068,3.44,0,6.951,21.5,6.4798,5,398,15.2,37.0,0,0.08680135493654229,2.012206053661006,1.791759469228055,3.6375861597263857
0.06911,3.44,0,6.739,30.8,6.4798,5,398,15.2,30.5,0,0.06682652665553059,2.012206053661006,1.791759469228055,3.449987545831587
0.08664,3.44,0,7.178,26.3,6.4798,5,398,15.2,36.4,0,0.08309036653209825,2.012206053661006,1.791759469228055,3.6216707044204863
0.02187,2.93,0,6.8,9.9,6.2196,1,265,15.6,31.1,0,0.021634282125149704,1.9767995497079562,0.6931471805599453,3.4688560301359703
0.01439,2.93,0,6.604,18.8,6.2196,1,265,15.6,29.1,0,0.01428744660806955,1.9767995497079562,0.6931471805599453,3.40452517175483
0.01381,0.46,0,7.875,32.0,5.6484,4,255,14.4,50.0,0,0.01371551088594122,1.8943762242148179,1.6094379124341003,3.9318256327243257
0.04011,1.52,0,7.287,34.1,7.309,2,329,12.6,33.3,0,0.039326476790879826,2.1173392646828444,1.0986122886681098,3.535145354171894
0.04666,1.52,0,7.107,36.6,7.309,2,329,12.6,30.3,0,0.04560414180501583,2.1173392646828444,1.0986122886681098,3.4436180975461075
0.03768,1.52,0,7.274,38.3,7.309,2,329,12.6,34.6,0,0.036987452050280596,2.1173392646828444,1.0986122886681098,3.572345637857985
0.0315,1.47,0,6.975,15.3,7.6534,3,402,17.0,34.9,0,0.03101405352916946,2.1579523072983493,1.3862943611198906,3.580737295494233
0.01778,1.47,0,7.135,13.9,7.6534,3,402,17.0,32.9,0,0.017623784753549428,2.1579523072983493,1.3862943611198906,3.5234150143864045
0.03445,2.03,0,6.162,38.4,6.27,2,348,14.7,24.1,0,0.0338698845076152,1.9837562915454279,1.0986122886681098,3.2228678461377385
0.02177,2.03,0,7.61,15.7,6.27,2,348,14.7,42.3,0,0.021536417530524612,1.9837562915454279,1.0986122886681098,3.768152635008444
0.0351,2.68,0,7.853,33.2,5.118,4,224,14.7,48.5,0,0.034498040407567446,1.8112352457287118,1.6094379124341003,3.901972669574645
0.02009,2.68,0,8.034,31.9,5.118,4,224,14.7,50.0,0,0.019890858697792765,1.8112352457287118,1.6094379124341003,3.9318256327243257
0.13642,10.59,0,5.891,22.3,3.9454,4,277,18.6,22.6,0,0.12788297027984558,1.5984578515909371,1.6094379124341003,3.1612467120315646
0.22969,10.59,0,6.326,52.5,4.3549,4,277,18.6,24.4,0,0.20676210509846787,1.678012029589027,1.6094379124341003,3.2347491740244907
0.25199,10.59,0,5.783,72.7,4.3549,4,277,18.6,22.5,0,0.22473428542556148,1.678012029589027,1.6094379124341003,3.1570004211501135
0.13587,10.59,1,6.064,59.1,4.2392,4,277,18.6,24.4,0,0.12739887713087175,1.6561688149217069,1.6094379124341003,3.2347491740244907
0.43571,10.59,1,5.344,100.0,3.875,4,277,18.6,20.0,0,0.3616595003706892,1.5841201044498106,1.6094379124341003,3.044522437723423
0.17446,10.59,1,5.96,92.1,3.8771,4,277,18.6,21.7,0,0.1608084674913248,1.584550780926151,1.6094379124341003,3.122364924487357
0.37578,10.59,1,5.404,88.6,3.665,4,277,18.6,19.3,0,0.31902084300745703,1.5400878342993072,1.6094379124341003,3.0106208860477417
0.21719,10.59,1,5.807,53.8,3.6526,4,277,18.6,22.4,0,0.19654492343019744,1.5374262031238064,1.6094379124341003,3.152736022363656
0.14052,10.59,0,6.375,32.3,3.9454,4,277,18.6,28.1,0,0.1314842987568961,1.5984578515909371,1.6094379124341003,3.370738174177447
0.28955,10.59,0,5.412,9.8,3.5875,4,277,18.6,23.7,0,0.2542933203064257,1.5233352133806888,1.6094379124341003,3.2068032436339315
0.19802,10.59,0,6.182,42.4,3.9454,4,277,18.6,25.0,0,0.18067019404472417,1.5984578515909371,1.6094379124341003,3.258096538021482
0.0456,13.89,1,5.888,56.0,3.1121,5,276,16.4,23.3,0,0.04459088332787514,1.413933846923308,1.791759469228055,3.190476350346503
0.07013,13.89,0,6.642,85.1,3.4211,5,276,16.4,28.7,0,0.06778013642095809,1.4863885339051899,1.791759469228055,3.391147045808654
0.11069,13.89,1,5.951,93.8,2.8893,5,276,16.4,21.5,0,0.1049814438191745,1.3582291928515473,1.791759469228055,3.1135153092103742
0.11425,13.89,1,6.373,92.4,3.3633,5,276,16.4,23.0,0,0.10818153284452815,1.4732286518051143,1.791759469228055,3.1780538303479458
0.35809,6.2,1,6.951,88.5,2.8617,8,307,17.4,26.7,0,0.3060793008727377,1.3511075010305078,2.1972245773362196,3.3214324131932926
0.40771,6.2,1,6.164,91.3,3.048,8,307,17.4,21.7,0,0.341964270612869,1.3982229319851645,2.1972245773362196,3.122364924487357
0.62356,6.2,1,6.879,77.7,3.2721,8,307,17.4,27.5,0,0.4846212690691169,1.4521055096236255,2.1972245773362196,3.349904087274605
0.6147,6.2,0,6.618,80.8,3.2721,8,307,17.4,30.1,0,0.47914918090543834,1.4521055096236255,2.1972245773362196,3.4372078191851885
0.31533,6.2,0,8.266,78.3,2.8944,8,307,17.4,44.8,0,0.2740875847172427,1.359539623811071,2.1972245773362196,3.824284091120139
0.52693,6.2,0,8.725,83.0,2.8944,8,307,17.4,50.0,0,0.4232591836664219,1.359539623811071,2.1972245773362196,3.9318256327243257
0.38214,6.2,0,8.04,86.5,3.2157,8,307,17.4,37.6,0,0.32363302267493305,1.4388156512119903,2.1972245773362196,3.653252276470785
0.41238,6.2,0,7.163,79.9,3.2157,8,307,17.4,31.6,0,0.3452762246773023,1.4388156512119903,2.1972245773362196,3.484312288372662
0.29819,6.2,0,7.686,17.0,3.3751,8,307,17.4,46.7,0,0.2609709866142154,1.4759293766912143,2.1972245773362196,3.8649313978942956
0.44178,6.2,0,6.552,21.4,3.3751,8,307,17.4,31.5,0,0.36587846134267826,1.4759293766912143,2.1972245773362196,3.481240089335692
0.537,6.2,0,5.981,68.1,3.6715,8,307,17.4,24.3,0,0.4298324645564588,1.5414802192508732,2.1972245773362196,3.2308043957334744
0.46296,6.2,0,7.412,76.9,3.6715,8,307,17.4,31.7,0,0.3804617805842404,1.5414802192508732,2.1972245773362196,3.487375077903208
0.57529,6.2,0,8.337,73.3,3.8384,8,307,17.4,41.7,0,0.4544393823124307,1.5765840875630222,2.1972245773362196,3.754198920234579
0.33147,6.2,0,8.247,70.4,3.6519,8,307,17.4,48.3,0,0.2862835950379259,1.5372757382946762,2.1972245773362196,3.8979240810486444
0.44791,6.2,1,6.726,66.5,3.6519,8,307,17.4,29.0,0,0.37012113733570884,1.5372757382946762,2.1972245773362196,3.4011973816621555
0.33045,6.2,0,6.086,61.5,3.6519,8,307,17.4,24.0,0,0.2855172308722698,1.5372757382946762,2.1972245773362196,3.2188758248682006
0.52058,6.2,1,6.631,76.5,4.148,8,307,17.4,25.1,0,0.41909184102282127,1.63860828973388,2.1972245773362196,3.261935314328648
0.51183,6.2,0,7.358,71.6,4.148,8,307,17.4,31.5,0,0.4133208375737469,1.63860828973388,2.1972245773362196,3.481240089335692
0.08244,4.93,0,6.481,18.5,6.1899,6,300,16.6,23.7,0,0.07921775210662887,1.9726772634303937,1.9459101490553132,3.2068032436339315
0.09252,4.93,0,6.606,42.2,6.1899,6,300,16.6,23.3,0,0.08848695445619936,1.9726772634303937,1.9459101490553132,3.190476350346503
0.11329,4.93,0,6.897,54.3,6.3361,6,300,16.6,22.0,0,0.10731959540732398,1.9928073662680181,1.9459101490553132,3.1354942159291497
0.10612,4.93,0,6.095,65.1,6.3361,6,300,16.6,20.1,0,0.10085839631038275,1.9928073662680181,1.9459101490553132,3.0492730404820207
0.1029,4.93,0,6.358,52.9,7.0355,6,300,16.6,22.2,0,0.09794307432996419,2.0838692250069877,1.9459101490553132,3.1441522786722644
0.12757,4.93,0,6.393,7.8,7.0355,6,300,16.6,23.7,0,0.12006487472475483,2.0838692250069877,1.9459101490553132,3.2068032436339315
0.20608,5.86,0,5.593,76.5,7.9549,7,330,19.1,17.6,0,0.18737543109663357,2.192200868504484,2.0794415416798357,2.9231615807191558
0.19133,5.86,0,5.605,70.2,7.9549,7,330,19.1,18.5,0,0.17507033007976175,2.192200868504484,2.0794415416798357,2.970414465569701
0.33983,5.86,0,6.108,34.9,8.0555,7,330,19.1,24.3,0,0.2925427402430482,2.2033723079224536,2.0794415416798357,3.2308043957334744
0.19657,5.86,0,6.226,79.2,8.0555,7,330,19.1,20.5,0,0.1794591306249127,2.2033723079224536,2.0794415416798357,3.068052935133617
0.16439,5.86,0,6.433,49.1,7.8265,7,330,19.1,24.5,0,0.1521973447384029,2.1777585600472005,2.0794415416798357,3.2386784521643803
0.19073,5.86,0,6.718,17.5,7.8265,7,330,19.1,26.2,0,0.17456656442088753,2.1777585600472005,2.0794415416798357,3.3032169733019514
0.1403,5.86,0,6.487,13.0,7.3967,7,330,19.1,24.4,0,0.13129138568117568,2.1278387715178266,2.0794415416798357,3.2347491740244907
0.21409,5.86,0,6.438,8.9,7.3967,7,330,19.1,24.8,0,0.19399482498004605,2.1278387715178266,2.0794415416798357,3.250374491927572
0.08221,5.86,0,6.957,6.8,8.9067,7,330,19.1,29.6,0,0.07900524661995385,2.2932112959133386,2.0794415416798357,3.4210000089583352
0.36894,5.86,0,8.259,8.4,8.9067,7,330,19.1,42.8,0,0.3140367177344588,2.2932112959133386,2.0794415416798357,3.7796338173824005
0.04819,3.64,0,6.108,32.0,9.2203,1,315,16.4,21.9,0,0.04706486717633035,2.3243759385521683,0.6931471805599453,3.131136910560194
0.03548,3.64,0,5.876,19.1,9.2203,1,315,16.4,20.9,0,0.034865087326079396,2.3243759385521683,0.6931471805599453,3.086486636822455
0.01538,3.75,0,7.454,34.2,6.3361,3,244,15.9,44.0,0,0.01526292666591237,1.9928073662680181,1.3862943611198906,3.8066624897703196
0.61154,3.97,0,8.704,86.9,1.801,5,264,13.0,50.0,0,0.47719024356009226,1.0299764962779716,1.791759469228055,3.9318256327243257
0.66351,3.97,0,7.333,100.0,1.8946,5,264,13.0,36.0,0,0.508929827880027,1.0628469322213672,1.791759469228055,3.6109179126442243
0.65665,3.97,0,6.842,100.0,2.0107,5,264,13.0,30.1,0,0.5047974910276488,1.1021726098628668,1.791759469228055,3.4372078191851885
0.54011,3.97,0,7.203,81.8,2.1121,5,264,13.0,33.8,0,0.4318538424460674,1.1352977394759622,1.791759469228055,3.5496173867804286
0.53412,3.97,0,7.52,89.4,2.1398,5,264,13.0,43.1,0,0.42795692674339125,1.1441591036240801,1.791759469228055,3.7864597824528
0.52014,3.97,0,8.398,91.5,2.2885,5,264,13.0,48.8,0,0.4188024358799136,1.1904315337592686,1.791759469228055,3.9080149840306073
0.82526,3.97,0,7.327,94.5,2.0788,5,264,13.0,31.0,0,0.6017224426405977,1.1245399106780254,1.791759469228055,3.4657359027997265
0.55007,3.97,0,7.206,91.6,1.9301,5,264,13.0,36.5,0,0.4383000912017374,1.0750365521394039,1.791759469228055,3.624340932976365
0.76162,3.97,0,5.56,62.8,1.9865,5,264,13.0,22.8,0,0.5662338402369981,1.0941021331902236,1.791759469228055,3.169685580677429
0.7857,3.97,0,7.014,84.6,2.1329,5,264,13.0,30.7,0,0.579810495220942,1.1419590931714756,1.791759469228055,3.456316680883235
0.57834,3.97,0,8.297,67.0,2.4216,5,264,13.0,50.0,0,0.45637366182584765,1.2301082779305619,1.791759469228055,3.9318256327243257
0.5405,3.97,0,7.47,52.6,2.872,5,264,13.0,43.5,0,0.43210703905458553,1.3537711694143306,1.791759469228055,3.7954891891721947
0.09065,6.96,1,5.92,61.5,3.9175,3,223,18.6,20.7,0,0.08677384878203846,1.5928002712810772,1.3862943611198906,3.077312260546414
0.29916,6.96,0,5.856,42.1,4.429,3,223,18.6,21.1,0,0.26171790177397086,1.6917549549233142,1.3862943611198906,3.095577608523707
0.16211,6.96,0,6.24,16.3,4.429,3,223,18.6,25.2,0,0.1502373183211034,1.6917549549233142,1.3862943611198906,3.265759410767051
0.1146,6.96,0,6.538,58.7,3.9175,3,223,18.6,24.4,0,0.10849559615329891,1.5928002712810772,1.3862943611198906,3.2347491740244907
0.22188,6.96,1,7.691,51.8,4.3665,3,223,18.6,35.2,0,0.2003906562548323,1.680175926939442,1.3862943611198906,3.5890591188317256
0.05644,6.41,1,6.208,32.9,4.0776,4,254,17.6,32.4,1,0.05490476516928596,1.6248387090101233,1.6094379124341003,3.5085558999826545
0.09604,6.41,0,6.854,42.8,4.2673,4,254,17.6,32.0,0,0.09170368421021316,1.6615178972995361,1.6094379124341003,3.4965075614664802
0.10469,6.41,1,7.267,49.0,4.7872,4,254,17.6,33.2,0,0.09956475262374566,1.7556485822156964,1.6094379124341003,3.5322256440685598
0.06127,6.41,1,6.826,27.6,4.8628,4,254,17.6,33.1,0,0.059466304166666525,1.7686273051710086,1.6094379124341003,3.529297384289471
0.07978,6.41,0,6.482,32.1,4.1403,4,254,17.6,29.1,0,0.07675731668200717,1.637111443522614,1.6094379124341003,3.40452517175483
0.21038,3.33,0,6.812,32.2,4.1007,5,216,14.9,35.1,0,0.19093435989217727,1.6293777852136486,1.791759469228055,3.586292865338835
0.03578,3.33,0,7.82,64.5,4.6947,5,216,14.9,45.4,0,0.035154766074375454,1.7395359177240892,1.791759469228055,3.8372994592322094
0.03705,3.33,0,6.968,37.2,5.2447,5,216,14.9,35.4,0,0.0363801440927505,1.8317331039929141,1.791759469228055,3.594568774642695
0.06129,3.33,1,7.645,49.7,5.2119,5,216,14.9,46.0,0,0.05948514933476599,1.826466807281788,1.791759469228055,3.8501476017100584
0.01501,1.21,1,7.923,24.8,5.885,1,198,13.6,50.0,0,0.014898464661966655,1.929345132180618,0.6931471805599453,3.9318256327243257
0.0136105,2.97,0,7.088,20.8,7.3073,1,285,15.3,32.2,0,0.00901920442015993,2.1171346463254563,0.6931471805599453,3.502549875922443
0.0136105,2.25,0,6.453,31.9,7.3073,1,300,15.3,22.0,0,0.010900374468288253,2.1171346463254563,0.6931471805599453,3.1354942159291497
0.01965,1.76,0,6.23,31.5,9.0892,1,241,18.2,20.1,0,0.01945943115621908,2.311465544799983,0.6931471805599453,3.0492730404820207
0.03871,5.32,0,6.209,31.3,7.3172,6,293,16.6,23.2,0,0.03797955862417436,2.1183256597298024,1.9459101490553132,3.186352633162641
0.0459,5.32,0,6.315,45.6,7.3172,6,293,16.6,22.3,0,0.044877758778085454,2.1183256597298024,1.9459101490553132,3.1484533605716547
0.04297,5.32,0,6.565,22.9,7.3172,6,293,16.6,24.8,0,0.04207241242184152,2.1183256597298024,1.9459101490553132,3.250374491927572
0.03502,4.95,0,6.861,27.9,5.1167,4,245,19.2,28.5,0,0.03442075020213025,1.8110227354089012,1.6094379124341003,3.3843902633457743
0.07886,4.95,0,7.148,27.7,5.1167,4,245,19.2,37.3,0,0.07590492808946425,1.8110227354089012,1.6094379124341003,3.6454498961866
0.03615,4.95,0,6.63,23.4,5.1167,4,245,19.2,27.9,0,0.03551192100135957,1.8110227354089012,1.6094379124341003,3.3638415951183864
0.08265,13.92,0,6.127,18.4,5.5027,4,289,16.0,23.9,0,0.07941173942416169,1.87221747526867,1.6094379124341003,3.214867803470662
0.08199,13.92,0,6.009,42.3,5.5027,4,289,16.0,21.7,0,0.07880193823740345,1.87221747526867,1.6094379124341003,3.122364924487357
0.12932,13.92,0,6.678,31.1,5.9604,4,289,16.0,28.6,0,0.12161568167655971,1.9402369439592861,1.6094379124341003,3.3877743613300146
0.05372,13.92,0,6.549,51.0,5.9604,4,289,16.0,27.1,0,0.052326760177767426,1.9402369439592861,1.6094379124341003,3.3357695763397
0.14103,13.92,0,5.79,58.0,6.32,4,289,16.0,20.3,0,0.13193136325997015,1.9906103279732201,1.6094379124341003,3.0587070727153796
0.06466,2.24,0,6.345,20.1,7.8278,5,358,14.8,22.5,0,0.06265549936434228,2.1779058329498193,1.791759469228055,3.1570004211501135
0.05561,2.24,0,7.041,10.0,7.8278,5,358,14.8,29.0,0,0.054118798887496024,2.1779058329498193,1.791759469228055,3.4011973816621555
0.04417,2.24,0,6.871,47.4,7.8278,5,358,14.8,24.8,0,0.04322231145326899,2.1779058329498193,1.791759469228055,3.250374491927572
0.03537,6.09,0,6.59,40.4,5.4917,7,329,16.1,22.0,0,0.03475885075645489,1.8705244378637091,2.0794415416798357,3.1354942159291497
0.09266,6.09,0,6.495,18.4,5.4917,7,329,16.1,26.4,0,0.0886150903536463,1.8705244378637091,2.0794415416798357,3.3105430133940246
0.1,6.09,0,6.982,17.7,5.4917,7,329,16.1,33.1,0,0.09531017980432487,1.8705244378637091,2.0794415416798357,3.529297384289471
0.05515,2.18,0,7.236,41.1,4.022,7,222,18.4,36.1,0,0.05368293691618483,1.6138282607353933,2.0794415416798357,3.6136169696133895
0.05479,2.18,0,6.616,58.1,3.37,7,222,18.4,28.4,0,0.053341694981823305,1.4747630091074988,2.0794415416798357,3.380994674344636
0.07503,2.18,0,7.42,71.9,3.0992,7,222,18.4,33.4,0,0.07234856816697788,1.410791832720278,2.0794415416798357,3.5380565643793527
0.04932,2.18,0,6.849,70.3,3.1827,7,222,18.4,28.2,0,0.04814233532601414,1.4309569710260803,2.0794415416798357,3.374168709274236
0.49298,9.9,0,6.635,82.5,3.3175,4,304,18.4,22.8,0,0.4007741226200408,1.4626765310386967,1.6094379124341003,3.169685580677429
0.3494,9.9,0,5.972,76.7,3.1025,4,304,18.4,20.3,0,0.29966004921118794,1.411596543982109,1.6094379124341003,3.0587070727153796
2.63548,9.9,0,4.973,37.8,2.5194,4,304,18.4,16.1,0,1.290741151786282,1.2582905205355241,1.6094379124341003,2.8390784635086144
0.79041,9.9,0,6.122,52.8,2.6403,4,304,18.4,22.1,0,0.5824446439039829,1.2920660958349246,1.6094379124341003,3.139832617527748
0.26169,9.9,0,6.023,90.4,2.834,4,304,18.4,19.4,0,0.2324520921057716,1.3439086446234527,1.6094379124341003,3.0155349008501706
0.26938,9.9,0,6.266,82.8,3.2628,4,304,18.4,21.6,0,0.23852859229108633,1.4499262213646642,1.6094379124341003,3.1179499062782403
0.3692,9.9,0,6.567,87.3,3.6023,4,304,18.4,23.8,0,0.3142266276738932,1.5265561785367003,1.6094379124341003,3.2108436531709366
0.25356,9.9,0,5.705,77.7,3.945,4,304,18.4,16.2,0,0.22598750344594104,1.5983769650746755,1.6094379124341003,2.8449093838194073
0.31827,9.9,0,5.914,83.2,3.9986,4,304,18.4,17.8,0,0.27632027094240774,1.6091578732267815,1.6094379124341003,2.9338568698359038
0.24522,9.9,0,5.782,71.7,4.0317,4,304,18.4,19.8,0,0.21931222113316776,1.615757899178918,1.6094379124341003,3.0349529867072724
0.40202,9.9,0,6.382,67.2,3.5325,4,304,18.4,23.1,0,0.3379140538458848,1.511273663646869,1.6094379124341003,3.1822118404966093
0.47547,9.9,0,6.113,58.8,4.0019,4,304,18.4,21.0,0,0.3889765831033406,1.6098178402523857,1.6094379124341003,3.091042453358316
0.1676,7.38,0,6.426,52.3,4.5404,5,287,19.6,23.8,0,0.15495035999782264,1.7120667003188066,1.791759469228055,3.2108436531709366
0.18159,7.38,0,6.376,54.3,4.5404,5,287,19.6,23.1,0,0.1668609890983406,1.7120667003188066,1.791759469228055,3.1822118404966093
0.35114,7.38,0,6.041,49.9,4.7211,5,287,19.6,20.4,0,0.3009486805521662,1.7441610945952601,1.791759469228055,3.0633909220278057
0.28392,7.38,0,5.708,74.3,4.7211,5,287,19.6,18.5,0,0.24991789803076372,1.7441610945952601,1.791759469228055,2.970414465569701
0.34109,7.38,0,6.415,40.1,4.7211,5,287,19.6,25.0,0,0.29348271614145116,1.7441610945952601,1.791759469228055,3.258096538021482
0.19186,7.38,0,6.431,14.7,5.4159,5,287,19.6,24.6,0,0.17551511208097656,1.858779284407837,1.791759469228055,3.242592351485517
0.30347,7.38,0,6.312,28.9,5.4159,5,287,19.6,23.0,0,0.26502993916684736,1.858779284407837,1.791759469228055,3.1780538303479458
0.24103,7.38,0,6.083,43.7,5.4159,5,287,19.6,22.2,0,0.21594167998346536,1.858779284407837,1.791759469228055,3.1441522786722644
0.06617,3.24,0,5.868,25.8,5.2146,4,430,16.9,19.3,0,0.06407278770058891,1.8269013624731112,1.6094379124341003,3.0106208860477417
0.06724,3.24,0,6.333,17.2,5.2146,4,430,16.9,22.6,0,0.06507587673618768,1.8269013624731112,1.6094379124341003,3.1612467120315646
0.04544,3.24,0,6.144,32.2,5.8736,4,430,16.9,19.8,0,0.04443784943056829,1.927687986452299,1.6094379124341003,3.0349529867072724
0.05023,6.06,0,5.706,28.4,6.6407,1,304,16.9,17.1,0,0.049009187801052775,2.0334892220179444,0.6931471805599453,2.89591193827178
0.03466,6.06,0,6.031,23.3,6.6407,1,304,16.9,19.4,0,0.03407287033313542,2.0334892220179444,0.6931471805599453,3.0155349008501706
0.05083,5.19,0,6.316,38.1,6.4584,5,224,20.2,22.2,0,0.049580328098150495,2.009340914000347,1.791759469228055,3.1441522786722644
0.03738,5.19,0,6.31,38.5,6.4584,5,224,20.2,20.7,0,0.03669830378267371,2.009340914000347,1.791759469228055,3.077312260546414
0.03961,5.19,0,6.037,34.5,5.9853,5,224,20.2,21.1,0,0.03884564282319823,1.943807940963443,1.791759469228055,3.095577608523707
0.03427,5.19,0,5.869,46.3,5.2311,5,224,20.2,19.5,0,0.03369586385672553,1.829552882221621,1.791759469228055,3.0204248861443626
0.03041,5.19,0,5.895,59.6,5.615,5,224,20.2,18.5,0,0.029956781289803308,1.889339797566919,1.791759469228055,2.970414465569701
0.03306,5.19,0,6.059,37.3,4.8122,5,224,20.2,20.6,0,0.032525271703396835,1.759959156678257,1.791759469228055,3.0726933146901194
0.05497,5.19,0,5.985,45.4,4.8122,5,224,20.2,19.0,0,0.05351233050476122,1.759959156678257,1.791759469228055,2.995732273553991
0.06151,5.19,0,5.968,58.5,4.8122,5,224,20.2,18.7,0,0.059692422747982164,1.759959156678257,1.791759469228055,2.9806186357439426
0.0136105,1.52,0,7.241,49.3,7.0379,1,284,15.5,32.7,0,0.012926096886133677,2.0841678550439227,0.6931471805599453,3.517497837358316
0.02498,1.89,0,6.54,59.7,6.2669,1,422,15.9,16.5,0,0.024673100204884193,1.9833297907031588,0.6931471805599453,2.8622008809294686
0.02543,3.78,0,6.696,56.4,5.7321,5,370,17.6,23.9,0,0.025112036814854834,1.9068871306448527,1.791759469228055,3.214867803470662
0.03049,3.78,0,6.874,28.1,6.4654,5,370,17.6,31.2,0,0.030034417274121015,2.0102790129447645,1.791759469228055,3.4719664525503626
0.03113,4.39,0,6.014,48.5,8.0136,3,352,18.8,17.5,0,0.030655288259616865,2.198734547867819,1.3862943611198906,2.917770732084279
0.06162,4.39,0,5.898,52.3,8.0136,3,352,18.8,17.2,0,0.05979604334596572,2.198734547867819,1.3862943611198906,2.9014215940827497
0.0187,4.15,0,6.516,27.7,8.5353,4,351,17.9,23.1,0,0.018527304613883622,2.2550007015883704,1.6094379124341003,3.1822118404966093
0.01501,2.01,0,6.635,29.7,8.344,4,280,17.0,24.5,0,0.014898464661966655,2.234734426085871,1.6094379124341003,3.2386784521643803
0.02899,1.25,0,6.939,34.5,8.7921,1,335,19.7,26.6,0,0.028577738631707327,2.2815759381361245,0.6931471805599453,3.3178157727231046
0.06211,1.25,0,6.49,44.4,8.7921,1,335,19.7,22.9,0,0.06025749561032605,2.2815759381361245,0.6931471805599453,3.173878458937465
0.0795,1.69,0,6.579,35.9,10.7103,4,411,18.3,24.1,0,0.07649797097272498,2.4604687964104115,1.6094379124341003,3.2228678461377385
0.07244,1.69,0,5.884,18.5,10.7103,4,411,18.3,18.6,0,0.06993642619916386,2.4604687964104115,1.6094379124341003,2.975529566236472
0.01709,2.02,0,6.728,36.1,12.1265,5,187,17.0,30.1,0,0.016945608726141724,2.5746330876618586,1.791759469228055,3.4372078191851885
0.04301,1.91,0,5.663,21.9,10.5857,4,334,22.0,18.2,0,0.042110763700381956,2.449771579019671,1.6094379124341003,2.954910279033736
0.10659,1.91,0,5.936,19.5,10.5857,4,334,22.0,20.6,0,0.10128321475208404,2.449771579019671,1.6094379124341003,3.0726933146901194
8.98296,18.1,1,6.212,97.4,2.1222,24,666,20.2,17.8,0,2.3008796395346813,1.1385378815404292,3.2188758248682006,2.9338568698359038
3.8497,18.1,1,6.395,91.0,2.5052,24,666,20.2,21.7,0,1.578916847366148,1.2542475801995585,3.2188758248682006,3.122364924487357
5.20177,18.1,1,6.127,83.4,2.7227,24,666,20.2,22.7,0,1.8248347351792473,1.3144492114665467,3.2188758248682006,3.1654750481410856
4.26131,18.1,0,6.112,81.3,2.5091,24,666,20.2,22.6,0,1.6603800451716153,1.255359594342634,3.2188758248682006,3.1612467120315646
4.54192,18.1,0,6.398,88.0,2.5182,24,666,20.2,25.0,0,1.7123410111146564,1.2579494951826682,3.2188758248682006,3.258096538021482
3.83684,18.1,0,6.251,91.1,2.2955,24,666,20.2,19.9,0,1.5762616149393935,1.1925579015106376,3.2188758248682006,3.039749158970765
3.67822,18.1,0,5.362,96.2,2.1036,24,666,20.2,20.8,0,1.5429176957008952,1.1325627280376571,3.2188758248682006,3.0819099697950434
4.22239,18.1,1,5.803,89.0,1.9047,24,666,20.2,16.8,0,1.6529551515173315,1.0663301147473858,3.2188758248682006,2.8791984572980396
3.47428,18.1,1,8.78,82.9,1.9047,24,666,20.2,21.9,0,1.4983454449272653,1.0663301147473858,3.2188758248682006,3.131136910560194
4.55587,18.1,0,3.561,87.9,1.6132,24,666,20.2,27.5,0,1.7148550264902072,0.9605755239844582,3.2188758248682006,3.349904087274605
3.69695,18.1,0,4.963,91.4,1.7523,24,666,20.2,21.9,0,1.5469133618955864,1.0124369257576684,3.2188758248682006,3.131136910560194
13.5222,18.1,0,3.863,100.0,1.5106,24,666,20.2,23.1,0,2.675678513070904,0.920521768401971,3.2188758248682006,3.1822118404966093
4.89822,18.1,0,4.97,100.0,1.3325,24,666,20.2,50.0,0,1.7746506104773532,0.8469406537393619,3.2188758248682006,3.9318256327243257
5.66998,18.1,1,6.683,96.8,1.3567,24,666,20.2,50.0,0,1.8976168614222872,0.8572623354119124,3.2188758248682006,3.9318256327243257
6.53876,18.1,1,7.016,97.5,1.2024,24,666,20.2,50.0,0,2.020057712262034,0.7895476748462604,3.2188758248682006,3.9318256327243257
9.2323,18.1,0,6.216,100.0,1.1691,24,666,20.2,50.0,0,2.3255493836278043,0.7743123349774533,3.2188758248682006,3.9318256327243257
8.26725,18.1,1,5.875,89.6,1.1296,24,666,20.2,50.0,0,2.226486679687524,0.7559341686587101,3.2188758248682006,3.9318256327243257
11.1081,18.1,0,4.906,100.0,1.1742,24,666,20.2,13.8,0,2.493874650127679,0.7766607807877629,3.2188758248682006,2.6946271807700692
18.4982,18.1,0,4.138,100.0,1.137,24,666,20.2,13.8,0,2.970322153616776,0.7594029763370106,3.2188758248682006,2.6946271807700692
19.6091,18.1,0,7.313,97.9,1.3163,24,666,20.2,15.0,0,3.0257327258266167,0.8399710850007427,3.2188758248682006,2.772588722239781
15.288,18.1,0,6.649,93.3,1.3449,24,666,20.2,13.9,0,2.7904286403681122,0.8522427570657238,3.2188758248682006,2.7013612129514133
9.82349,18.1,0,6.794,98.8,1.358,24,666,20.2,13.3,0,2.381718772241792,0.8578138021151792,3.2188758248682006,2.6602595372658615
23.6482,18.1,0,6.38,96.2,1.3861,24,666,20.2,13.1,0,3.204703875510067,0.8696602339458422,3.2188758248682006,2.6461747973841225
17.8667,18.1,0,6.223,100.0,1.3861,24,666,20.2,10.2,0,2.937398463323919,0.8696602339458422,3.2188758248682006,2.4159137783010487
41.37032999999997,18.1,0,6.968,91.9,1.4165,24,666,20.2,10.4,0,4.4995451909142234,0.8823202123030017,3.2188758248682006,2.4336133554004498
15.8744,18.1,0,6.545,99.1,1.5192,24,666,20.2,10.9,0,2.825797680570924,0.9239413908046779,3.2188758248682006,2.4765384001174837
9.18702,18.1,0,5.536,100.0,1.5804,24,666,20.2,11.3,0,2.321114360892544,0.9479444256759496,3.2188758248682006,2.509599262378372
7.99248,18.1,0,5.52,100.0,1.5331,24,666,20.2,12.3,0,2.19638867250955,0.9294438491190675,3.2188758248682006,2.5877640352277083
20.0849,18.1,0,4.368,91.2,1.4395,24,666,20.2,8.8,0,3.04855714447919,0.8917931002737548,3.2188758248682006,2.2823823856765264
16.8118,18.1,0,5.277,98.1,1.4261,24,666,20.2,7.2,0,2.879861159011059,0.886285029787749,3.2188758248682006,2.1041341542702074
24.3938,18.1,0,4.652,100.0,1.4672,24,666,20.2,10.5,0,3.2345050497403935,0.9030839043868734,3.2188758248682006,2.4423470353692043
22.5971,18.1,0,5.0,89.5,1.5184,24,666,20.2,7.4,0,3.1611238231251,0.9236237792409471,3.2188758248682006,2.128231705849268
14.3337,18.1,0,4.88,100.0,1.5895,24,666,20.2,10.2,0,2.730053020578551,0.951464806881809,3.2188758248682006,2.4159137783010487
8.15174,18.1,0,5.39,98.9,1.7281,24,666,20.2,11.5,0,2.213944025142987,1.0036053962008638,3.2188758248682006,2.5257286443082556
6.96215,18.1,0,5.713,97.0,1.9265,24,666,20.2,15.1,0,2.0746990638882306,1.0738071697491385,3.2188758248682006,2.7788192719904172
5.29305,18.1,0,6.051,82.5,2.1678,24,666,20.2,23.2,0,1.8394458498493202,1.153037340646183,3.2188758248682006,3.186352633162641
11.5779,18.1,0,5.036,97.0,1.77,24,666,20.2,9.7,0,2.531941305700138,1.0188473201992472,3.2188758248682006,2.3702437414678603
8.64476,18.1,0,6.193,92.6,1.7912,24,666,20.2,13.8,0,2.266414762688843,1.0264716108904273,3.2188758248682006,2.6946271807700692
13.3598,18.1,0,5.887,94.7,1.7821,24,666,20.2,12.7,0,2.6644326359464867,1.0232060382182802,3.2188758248682006,2.617395832834079
8.71675,18.1,0,6.471,98.8,1.7257,24,666,20.2,13.1,0,2.273851200420946,1.0027252758609457,3.2188758248682006,2.6461747973841225
5.87205,18.1,0,6.405,96.0,1.6768,24,666,20.2,12.5,0,1.9274624605576969,0.9846220512504225,3.2188758248682006,2.6026896854443837
7.67202,18.1,0,5.747,98.9,1.6334,24,666,20.2,8.5,0,2.160101750967694,0.9682757869401063,3.2188758248682006,2.2512917986064953
38.3518,18.1,0,5.453,100.0,1.4896,24,666,20.2,5.0,0,3.672541717146316,0.9121220550019354,3.2188758248682006,1.791759469228055
9.91655,18.1,0,5.852,77.8,1.5004,24,666,20.2,6.3,0,2.390279986333144,0.9164507190755202,3.2188758248682006,1.9878743481543455
25.0461,18.1,0,5.987,100.0,1.5888,24,666,20.2,5.6,0,3.2598680448992714,0.9511944478820354,3.2188758248682006,1.8870696490323797
14.2362,18.1,0,6.343,100.0,1.5741,24,666,20.2,7.2,0,2.7236741753351374,0.9454999584581417,3.2188758248682006,2.1041341542702074
9.59571,18.1,0,6.404,100.0,1.639,24,666,20.2,12.1,0,2.360449202216868,0.970400057521187,3.2188758248682006,2.5726122302071057
24.8017,18.1,0,5.349,96.0,1.7028,24,666,20.2,8.3,0,3.250440381229692,0.9942882726958825,3.2188758248682006,2.2300144001592104
41.37032999999997,18.1,0,5.531,85.4,1.6074,24,666,20.2,8.5,0,3.7501908988370403,0.9583535562465413,3.2188758248682006,2.2512917986064953
41.37032999999997,18.1,0,5.683,100.0,1.4254,24,666,20.2,5.0,0,4.232958019253417,0.8859964592405544,3.2188758248682006,1.791759469228055
20.7162,18.1,0,4.138,100.0,1.1781,24,666,20.2,11.9,0,3.0780585258000213,0.7784529371390452,3.2188758248682006,2.5572273113676265
11.9511,18.1,0,5.608,100.0,1.2852,24,666,20.2,27.9,0,2.5611807266231144,0.8264535478681704,3.2188758248682006,3.3638415951183864
7.40389,18.1,0,5.617,97.9,1.4547,24,666,20.2,17.2,0,2.1286946938918567,0.8980045541868374,3.2188758248682006,2.9014215940827497
14.4383,18.1,0,6.852,100.0,1.4655,24,666,20.2,27.5,0,2.736851434907838,0.9023946266820437,3.2188758248682006,3.349904087274605
41.37032999999997,18.1,0,5.757,100.0,1.413,24,666,20.2,15.0,0,3.9538518529018067,0.8808707866428946,3.2188758248682006,2.772588722239781
14.0507,18.1,0,6.657,100.0,1.5275,24,666,20.2,17.2,0,2.7114245017411593,0.9272306719124895,3.2188758248682006,2.9014215940827497
18.811,18.1,0,4.628,100.0,1.5539,24,666,20.2,17.9,0,2.9862373389921895,0.937621602575984,3.2188758248682006,2.9391619220655967
28.6558,18.1,0,5.155,100.0,1.5894,24,666,20.2,16.3,0,3.3896577218278483,0.9514261886424098,3.2188758248682006,2.8507065015037334
41.37032999999997,18.1,0,4.519,100.0,1.6582,24,666,20.2,7.0,0,3.844730829794956,0.9776492020050953,3.2188758248682006,2.0794415416798357
18.0846,18.1,0,6.434,100.0,1.8347,24,666,20.2,7.2,0,2.9488817271093315,1.041936111474553,3.2188758248682006,2.1041341542702074
10.8342,18.1,0,6.782,90.8,1.8195,24,666,20.2,7.5,0,2.4709936445680034,1.0365595642650995,3.2188758248682006,2.1400661634962708
25.9406,18.1,0,5.304,89.1,1.6475,24,666,20.2,10.4,0,3.293634442449129,0.9736157984934245,3.2188758248682006,2.4336133554004498
41.37032999999997,18.1,0,5.957,100.0,1.8026,24,666,20.2,8.8,0,4.3112567387853336,1.0305475577539802,3.2188758248682006,2.2823823856765264
11.8123,18.1,0,6.824,76.5,1.794,24,666,20.2,8.4,0,2.5504056470206957,1.02747426083477,3.2188758248682006,2.2407096892759584
11.0874,18.1,0,6.411,100.0,1.8589,24,666,20.2,16.7,0,2.492163587735884,1.0504369354636782,3.2188758248682006,2.8735646395797834
7.02259,18.1,0,6.006,95.3,1.8746,24,666,20.2,14.2,0,2.0822613123870632,1.0559135341349943,3.2188758248682006,2.7212954278522306
12.0482,18.1,0,5.648,87.6,1.9512,24,666,20.2,20.8,0,2.5686501932208596,1.082211867300329,3.2188758248682006,3.0819099697950434
7.05042,18.1,0,6.103,85.1,2.0218,24,666,20.2,13.4,0,2.085724263982504,1.1058526803236035,3.2188758248682006,2.667228206581955
8.79212,18.1,0,5.565,70.6,2.0635,24,666,20.2,11.7,0,2.2815779805968406,1.1195580531835723,3.2188758248682006,2.5416019934645457
15.8603,18.1,0,5.896,95.4,1.9096,24,666,20.2,8.3,0,2.8249617460097114,1.0680156146906423,3.2188758248682006,2.2300144001592104
12.2472,18.1,0,5.837,59.7,1.9976,24,666,20.2,10.2,0,2.5837862093461372,1.0978119684973406,3.2188758248682006,2.4159137783010487
37.6619,18.1,0,6.202,78.7,1.8629,24,666,20.2,10.9,0,3.6548546189770925,1.0518350971091808,3.2188758248682006,2.4765384001174837
7.36711,18.1,0,6.193,78.1,1.9356,24,666,20.2,11.0,0,2.1243085441136205,1.0769118616887707,3.2188758248682006,2.4849066497880004
9.33889,18.1,0,6.38,95.6,1.9682,24,666,20.2,9.5,0,2.335912513221137,1.0879557084795808,3.2188758248682006,2.3513752571634776
8.49213,18.1,0,6.348,86.1,2.0527,24,666,20.2,14.5,0,2.2504630342235155,1.116026444921897,3.2188758248682006,2.740840023925201
10.0623,18.1,0,6.833,94.3,2.0882,24,666,20.2,14.1,0,2.4035429310745737,1.1275883969046268,3.2188758248682006,2.714694743820879
6.44405,18.1,0,6.425,74.8,2.2004,24,666,20.2,16.1,0,2.0074150555763612,1.1632758019938318,3.2188758248682006,2.8390784635086144
5.58107,18.1,0,6.436,87.9,2.3158,24,666,20.2,14.3,0,1.8841973460987684,1.1986989218232278,3.2188758248682006,2.72785282839839
13.9134,18.1,0,6.208,95.0,2.2222,24,666,20.2,11.7,0,2.7022601376565687,1.1700643560747492,3.2188758248682006,2.5416019934645457
11.1604,18.1,0,6.629,94.6,2.1247,24,666,20.2,13.4,0,2.498184770733843,1.1393382785800699,3.2188758248682006,2.667228206581955
14.4208,18.1,0,6.461,93.3,2.0026,24,666,20.2,9.6,0,2.7357172474638767,1.0994785799960676,3.2188758248682006,2.3608540011180215
15.1772,18.1,0,6.152,100.0,1.9142,24,666,20.2,8.7,0,2.7836028435028815,1.0695953395976172,3.2188758248682006,2.272125885509337
13.6781,18.1,0,5.935,87.9,1.8206,24,666,20.2,8.4,0,2.6863565870169546,1.0369496282760027,3.2188758248682006,2.2407096892759584
9.39063,18.1,0,5.627,93.9,1.8172,24,666,20.2,12.8,0,2.340904438499074,1.0357434838891182,3.2188758248682006,2.624668592163159
22.0511,18.1,0,5.818,92.4,1.8662,24,666,20.2,10.5,0,3.137713490646716,1.052987110641834,3.2188758248682006,2.4423470353692043
9.72418,18.1,0,6.406,97.2,2.0651,24,666,20.2,17.1,0,2.372501005014648,1.1200801952833506,3.2188758248682006,2.89591193827178
5.66637,18.1,0,6.219,100.0,2.0048,24,666,20.2,18.4,0,1.8970754838957269,1.1002110100318068,3.2188758248682006,2.9652730660692823
9.96654,18.1,0,6.485,100.0,1.9784,24,666,20.2,15.4,0,2.394848818884537,1.09138624357637,3.2188758248682006,2.797281334830153
12.8023,18.1,0,5.854,96.6,1.8956,24,666,20.2,10.8,0,2.6248352449424797,1.0631923434368493,3.2188758248682006,2.468099531471619
10.6718,18.1,0,6.459,94.8,1.9879,24,666,20.2,11.8,0,2.457175676049689,1.0945707995083895,3.2188758248682006,2.5494451709255714
6.28807,18.1,0,6.341,96.4,2.072,24,666,20.2,14.9,0,1.9862387647413884,1.1223288152854258,3.2188758248682006,2.766319109226186
9.92485,18.1,0,6.251,96.6,2.198,24,666,20.2,12.6,0,2.39104001091028,1.1625256144117624,3.2188758248682006,2.6100697927420065
9.32909,18.1,0,6.185,98.7,2.2616,24,666,20.2,14.1,0,2.3349641863179325,1.1822178725229067,3.2188758248682006,2.714694743820879
7.52601,18.1,0,6.417,98.3,2.185,24,666,20.2,13.0,0,2.143121491225277,1.1584522890241267,3.2188758248682006,2.6390573296152584
6.71772,18.1,0,6.749,92.6,2.3236,24,666,20.2,13.4,0,2.0435189836286223,1.2010485328086893,3.2188758248682006,2.667228206581955
5.44114,18.1,0,6.655,98.2,2.3552,24,666,20.2,15.2,0,1.862705543083853,1.2105113811655184,3.2188758248682006,2.785011242238338
5.09017,18.1,0,6.208,91.8,2.3682,24,666,20.2,16.1,1,1.8066759959463214,1.214378477039817,3.2188758248682006,2.8390784635086144
8.24809,18.1,0,7.393,99.3,2.4527,24,666,20.2,17.8,0,2.224417043716578,1.239156533660418,3.2188758248682006,2.9338568698359038
9.51363,18.1,0,6.728,94.1,2.4961,24,666,20.2,14.9,0,2.3526725106043593,1.2516480615031922,3.2188758248682006,2.766319109226186
4.75237,18.1,0,6.525,86.5,2.4358,24,666,20.2,14.1,0,1.749611943801969,1.234249795210208,3.2188758248682006,2.714694743820879
4.66883,18.1,0,5.976,87.9,2.5806,24,666,20.2,12.7,0,1.7349827472403847,1.2755303841350356,3.2188758248682006,2.617395832834079
8.20058,18.1,0,5.936,80.3,2.7792,24,666,20.2,13.5,0,2.219266525546099,1.329512347020906,3.2188758248682006,2.6741486494265287
7.75223,18.1,0,6.301,83.7,2.7831,24,666,20.2,14.9,0,2.1693085250418154,1.3305437793485715,3.2188758248682006,2.766319109226186
6.80117,18.1,0,6.081,84.4,2.7175,24,666,20.2,20.0,0,2.0542737224466707,1.313051399352173,3.2188758248682006,3.044522437723423
4.81213,18.1,0,6.701,90.0,2.5975,24,666,20.2,16.4,0,1.7599471129733726,1.2802391597793858,3.2188758248682006,2.856470206220483
3.69311,18.1,0,6.376,88.4,2.5671,24,666,20.2,17.7,0,1.546095475702301,1.2717529407468942,3.2188758248682006,2.928523523860541
6.65492,18.1,0,6.317,83.0,2.7344,24,666,20.2,19.5,0,2.035348578369212,1.3175871631100997,3.2188758248682006,3.0204248861443626
5.82115,18.1,0,6.513,89.9,2.8016,24,666,20.2,20.2,0,1.9200280793412094,1.335422030746134,3.2188758248682006,3.054001181677967
7.83932,18.1,0,6.209,65.4,2.9634,24,666,20.2,21.4,0,2.1792099506138976,1.3771022427509756,3.2188758248682006,3.109060958860994
3.1636,18.1,0,5.759,48.2,3.0665,24,666,20.2,19.9,0,1.4263800846591763,1.4027826786246929,3.2188758248682006,3.039749158970765
3.77498,18.1,0,5.952,84.7,2.8715,24,666,20.2,19.0,0,1.5633897854422463,1.3536420288446411,3.2188758248682006,2.995732273553991
4.42228,18.1,0,6.003,94.5,2.5403,24,666,20.2,19.1,0,1.690516391203815,1.2642114693176756,3.2188758248682006,3.0007198150650303
15.5757,18.1,0,5.926,71.0,2.9084,24,666,20.2,19.1,0,2.807937767457695,1.363128083088051,3.2188758248682006,3.0007198150650303
13.0751,18.1,0,5.713,56.7,2.8237,24,666,20.2,20.1,0,2.6444072787962525,1.3412185402287997,3.2188758248682006,3.0492730404820207
4.34879,18.1,0,6.167,84.0,3.0334,24,666,20.2,19.9,0,1.6768703671037264,1.3946096927236045,3.2188758248682006,3.039749158970765
4.03841,18.1,0,6.229,90.7,3.0993,24,666,20.2,19.6,0,1.6170905561197193,1.4108162274266278,3.2188758248682006,3.0252910757955354
3.56868,18.1,0,6.437,75.0,2.8965,24,666,20.2,23.2,0,1.5192243229211484,1.3600787143014785,3.2188758248682006,3.186352633162641
4.64689,18.1,0,6.98,67.6,2.5329,24,666,20.2,29.8,0,1.7311049511313974,1.262119063419393,3.2188758248682006,3.427514689979529
8.05579,18.1,0,5.427,95.4,2.4298,24,666,20.2,13.8,0,2.203404332146021,1.2325019504399097,3.2188758248682006,2.6946271807700692
6.39312,18.1,0,6.162,97.4,2.206,24,666,20.2,13.3,0,2.000549838013637,1.165024054187361,3.2188758248682006,2.6602595372658615
4.87141,18.1,0,6.484,93.6,2.3053,24,666,20.2,16.7,0,1.7700948094248417,1.195527240742406,3.2188758248682006,2.8735646395797834
15.0234,18.1,0,5.304,97.3,2.1007,24,666,20.2,12.0,0,2.774050153828231,1.1316278924522738,3.2188758248682006,2.5649493574615367
10.233,18.1,0,6.185,96.7,2.1705,24,666,20.2,14.6,0,2.418855874659432,1.1538893041579492,3.2188758248682006,2.747270914255491
14.3337,18.1,0,6.229,88.0,1.9512,24,666,20.2,21.4,0,2.730053020578551,1.082211867300329,3.2188758248682006,3.109060958860994
5.82401,18.1,0,6.242,64.7,3.4242,24,666,20.2,23.0,0,1.9204472756044826,1.487089471154785,3.2188758248682006,3.1780538303479458
5.70818,18.1,0,6.75,74.9,3.3317,24,666,20.2,23.7,0,1.9033276772324317,1.465960074663146,3.2188758248682006,3.2068032436339315
5.73116,18.1,0,7.061,77.0,3.4106,24,666,20.2,25.0,0,1.9067474913596385,1.4840107346259601,3.2188758248682006,3.258096538021482
2.81838,18.1,0,5.762,40.3,4.0983,24,666,20.2,21.8,0,1.3398262488998969,1.6289071508290425,3.2188758248682006,3.126760535960395
2.37857,18.1,0,5.871,41.9,3.724,24,666,20.2,20.6,0,1.2174525430495582,1.552655898335116,3.2188758248682006,3.0726933146901194
3.67367,18.1,0,6.312,51.9,3.9917,24,666,20.2,21.2,0,1.5419446302865207,1.607776533107434,3.2188758248682006,3.100092288878234
5.69175,18.1,0,6.114,79.8,3.5459,24,666,20.2,19.1,0,1.9008754243872985,1.514225727828089,3.2188758248682006,3.0007198150650303
4.83567,18.1,0,5.905,53.2,3.1523,24,666,20.2,20.6,0,1.763989083482614,1.423662397588629,3.2188758248682006,3.0726933146901194
0.15086,27.74,0,5.454,92.7,1.8209,4,711,20.1,15.2,0,0.14050948897951462,1.0370559829690038,1.6094379124341003,2.785011242238338
0.18337,27.74,0,5.414,98.3,1.7554,4,711,20.1,7.0,0,0.16836630025465413,1.0135626226283616,1.6094379124341003,2.0794415416798357
0.20746,27.74,0,5.093,98.0,1.8226,4,711,20.1,8.1,0,0.18851897970190706,1.0376584459977696,1.6094379124341003,2.2082744135228043
0.10574,27.74,0,6.208,98.8,1.8681,4,711,20.1,13.6,1,0.10051479408986369,1.0536497896330035,1.6094379124341003,2.681021528714291
0.11132,27.74,0,5.983,83.5,2.1099,4,711,20.1,20.1,0,0.10554849798804089,1.1345905713333448,1.6094379124341003,3.0492730404820207
0.17331,9.69,0,5.707,54.0,2.3817,6,391,19.2,21.8,0,0.1598288143805233,1.2183785416335373,1.9459101490553132,3.126760535960395
0.27957,9.69,0,5.926,42.6,2.3817,6,391,19.2,24.5,0,0.24652408399188336,1.2183785416335373,1.9459101490553132,3.2386784521643803
0.17899,9.69,0,5.67,28.8,2.7986,6,391,19.2,23.1,0,0.16465813975505655,1.3346325777959989,1.9459101490553132,3.1822118404966093
0.2896,9.69,0,5.39,72.9,2.7986,6,391,19.2,19.7,0,0.2543320927702268,1.3346325777959989,1.9459101490553132,3.0301337002713233
0.26838,9.69,0,5.794,70.6,2.8927,6,391,19.2,18.3,0,0.23774049566117803,1.3591030042666945,1.9459101490553132,2.9601050959108397
0.23912,9.69,0,6.019,65.3,2.4091,6,391,19.2,21.2,0,0.21440145025736632,1.2264483268411057,1.9459101490553132,3.100092288878234
0.17783,9.69,0,5.569,73.5,2.3999,6,391,19.2,17.5,0,0.16367376242147158,1.2237460194248755,1.9459101490553132,2.917770732084279
0.22438,9.69,0,6.027,79.7,2.4982,6,391,19.2,16.8,0,0.2024345934245115,1.2522485504908258,1.9459101490553132,2.8791984572980396
0.06263,11.93,0,6.593,69.1,2.4786,1,273,21.0,22.4,0,0.06074696727310071,1.246629913991916,0.6931471805599453,3.152736022363656
0.04527,11.93,0,6.12,76.7,2.2875,1,273,21.0,20.6,0,0.0442752252499075,1.1901273975038829,0.6931471805599453,3.0726933146901194
0.06076,11.93,0,6.976,91.0,2.1675,1,273,21.0,23.9,0,0.058985632347870916,1.1529426332131572,0.6931471805599453,3.214867803470662
0.10959,11.93,0,6.794,89.3,2.3889,1,273,21.0,22.0,0,0.10399057772120508,1.2205053849602963,0.6931471805599453,3.1354942159291497
0.04741,11.93,0,6.03,80.8,2.505,1,273,21.0,11.9,0,0.04632045026850427,1.2541905204865533,0.6931471805599453,2.5572273113676265
